text,label
sick of fake people,anger
i feel like crying,sadness
apathetic,bored
monotonous,bored
livid,anger
furious,anger
feeling lazy today,bored
panicked,fear
i'm boiling inside,anger
couldn't be happier,joy
i just want to lay here and do nothing,bored
everything is perfect,joy
this pain won't go away,sadness
caring,love
thunderstruck,surprise
my mind is blown,surprise
broken,sadness
i feel like a robot going through routines,bored
panicking,fear
unbearable pain,sadness
thrilled,joy
blah,bored
i'm fed up,anger
feeling down,sadness
i don't see a reason to keep going,sadness
desolate,sadness
everything feels pointless and dull,bored
life isn't worth living,sadness
pinch me i must be dreaming,surprise
i adore this person,love
typical,neutral
i hate this,anger
seething,anger
this is so boring,bored
miserable,sadness
my heart hurts,sadness
nonplussed,surprise
makes my blood boil,anger
lonely,sadness
incensed,anger
i'm okay,neutral
average,neutral
outraged,anger
unremarkable,neutral
why am i even here,sadness
i care about you deeply,love
vengeful,anger
terrified,fear
attachment,love
deeply unsettled,fear
zero energy today,bored
heartache,sadness
staggered,surprise
crushed,sadness
feeling sleepy and lazy,bored
i'm losing my mind with worry,fear
i feel nothing,bored
i'm so sad,sadness
moderate,neutral
you complete me,love
i feel so alone,sadness
so much to be grateful for,joy
there's no hope left,sadness
dejected,sadness
i'm feeling sluggish,bored
in pain,sadness
you mean everything to me,love
i'm trembling,fear
i feel uneasy,fear
i'm shaken up,fear
sick of this,anger
unconditional love,love
sometimes i think everyone would be better off without me,sadness
mourning,sadness
compassionate,love
terrific,joy
magnificent,joy
anguish,sadness
idle,bored
everything is falling apart,sadness
sluggish,bored
distressed,fear
you are my everything,love
drowsy and unproductive,bored
just numb,bored
bleak,sadness
dread,fear
i need something to do,bored
i'm hurting,sadness
staring at the ceiling again,bored
the disrespect is unreal,anger
infuriated,anger
what a great day,joy
stagnant,bored
tedious,bored
the sadness is overwhelming,sadness
completely devastated,sadness
oh my god,surprise
head over heels,love
meh,bored
trembling,fear
indifferent,bored
feeling fantastic,joy
life is beautiful,joy
too tired for anything,bored
too lazy to move,bored
nobody would care if i was gone,sadness
wrathful,anger
i'm having a panic attack,fear
i don't feel anything anymore,bored
i feel incredible,joy
what the heck,surprise
i'm on autopilot and i hate it,bored
astounded,surprise
i'm freaking out,fear
troubled,fear
i just want the pain to stop,sadness
i'm beyond angry,anger
warmth,love
wretched,sadness
smitten,love
i can't take this anymore i just want to disappear,sadness
i'm doing okay i guess,neutral
amazing,joy
uneasy,fear
i feel vulnerable,fear
i have become lethargic,bored
tense,fear
what's the point of anything anymore,sadness
i'm so pissed right now,anger
edgy,fear
pissed,anger
jubilant,joy
listless,bored
alright,neutral
nothing to complain about,neutral
i'm paralyzed with fear,fear
awestruck,surprise
i'm so unmotivated it's not even funny,bored
excited,joy
fondness,love
spooked,fear
i'm being so lazy right now,bored
i want to give up,sadness
standard,neutral
just a normal day,neutral
petrified,fear
i feel like a vegetable,bored
deeply hurt,sadness
i can't believe it,surprise
the anxiety won't stop,fear
cheerful,joy
heartbroken,sadness
startled,fear
bored,bored
despair,sadness
help i'm dying of boredom,bored
i'm dreading everything,fear
something terrible is going to happen,fear
this is wonderful,joy
resentful,anger
running on empty,bored
elated,joy
i'm so happy right now,joy
depressed,sadness
i'm so anxious,fear
i don't have energy,bored
feeling miserable,sadness
i feel like giving up on everything,sadness
i'm in complete shock,surprise
i feel so lethargic,bored
acceptable,neutral
forever yours,love
everything feels pointless,sadness
i want to scream,anger
excellent,joy
feeling really lethargic today,bored
who do they think they are,anger
on edge today,fear
what the hell,anger
they have some nerve,anger
i hate my life,sadness
it's fine,neutral
are you kidding me,anger
stunned,surprise
pain,sadness
unsettled,fear
i feel panicky,fear
fantastic,joy
irate,anger
i feel alive and free,joy
whatever,bored
frightened,fear
you're joking right,surprise
no motivation whatsoever,bored
deeply in love,love
baffled,surprise
tenderness,love
bewildered,surprise
happy,joy
the pain is too much,sadness
feeling blessed,joy
fuming,anger
bitter,anger
melancholy,sadness
emotionally wrecked,sadness
everything is as expected,neutral
overwhelmed,fear
unenthusiastic,bored
i have nothing going on,bored
delighted,joy
not in the mood for anything,bored
i could explode right now,anger
amazed,surprise
life feels meaningless,sadness
bored out of my mind,bored
feeling troubled,fear
i don't have the energy for anything,bored
i don't belong in this world,sadness
i feel like a waste of space,sadness
can't stop shaking,fear
feeling sleepy,bored
i don't want to wake up tomorrow,sadness
grief,sadness
dumbfounded,surprise
i'm so bored i could cry,bored
watching the clock tick,bored
sleepy and bored,bored
i can't stop hurting,sadness
best day of my life,joy
what's the point of going on,sadness
tender,love
i feel worthless,sadness
lethargic,bored
i want to die,sadness
gobsmacked,surprise
feeling great today,joy
devoted,love
"i'm just existing, not living",bored
ordinary,neutral
i feel nothing but pain,sadness
ecstatic,joy
shaken,fear
suffering,sadness
falling apart,sadness
unmotivated,bored
i hate everything,anger
dull,bored
flatlined emotionally,bored
feeling low,sadness
uninterested,bored
okay,neutral
i feel dead inside,sadness
annoyed,anger
i'm scared right now,fear
so much pain inside,sadness
i can't contain my excitement,joy
i don't want to live anymore,sadness
i love you so much,love
i feel awful,sadness
"empty but not sad, just empty",bored
astonished,surprise
same as usual,neutral
are you serious right now,surprise
enamored,love
helpless,sadness
i want it all to end,sadness
something feels wrong,fear
hateful,anger
i don't care enough to get up,bored
nothing interests me today,bored
i'm in so much pain,sadness
fine,neutral
completely caught off guard,surprise
really down today,sadness
hopeless,sadness
i can't do this anymore,sadness
devastated,sadness
this makes me sick,anger
done with everyone,anger
forlorn,sadness
my heart is full of joy,joy
deeply attached,love
there's nothing to do,bored
disconnected from everything,bored
i can't calm down,fear
euphoric,joy
my heart is racing,fear
could be worse,neutral
just regular,neutral
dismal,sadness
aggravated,anger
my brain is switched off,bored
i'm losing my patience,anger
living my best life,joy
i'm in disbelief,surprise
today is amazing,joy
nervous,fear
everything hurts,sadness
i'm terrified right now,fear
what do i even do,bored
lazy,bored
satisfactory,neutral
jittery,fear
i'm beyond help at this point,sadness
tiresome,bored
decent,neutral
phenomenal,joy
my stomach is in knots,fear
i'm so in love,love
hostile,anger
madly in love,love
fairly standard day,neutral
overjoyed,joy
my life is a mess,sadness
affectionate,love
aching inside,sadness
i feel unsafe,fear
aghast,fear
i feel sluggish and unmotivated,bored
i am lazy,bored
i feel hopeless,sadness
completely drained of motivation,bored
irritated,anger
that came out of nowhere,surprise
stupefied,surprise
my soul hurts,sadness
it was alright,neutral
flabbergasted,surprise
fear is consuming me,fear
apprehensive,fear
i've lost the will to go on,sadness
it's painful,sadness
horrified,fear
i'm on top of the world,joy
i have zero drive today,bored
infatuated,love
devotion,love
everything scares me right now,fear
brilliant,joy
i'm suffering,sadness
i can't be bothered,bored
sorrow,sadness
blissful,joy
exasperated,anger
nothing will ever get better,sadness
really worried right now,fear
cherish,love
no energy at all,bored
i can't motivate myself to do anything,bored
torn apart,sadness
can't be bothered to do anything,bored
pretty normal,neutral
not bad not good,neutral
numb,bored
anxious,fear
i feel terrible,sadness
did that just happen,surprise
i have no energy,bored
adequate,neutral
no freaking way,surprise
i feel empty,sadness
i wish i wasn't here,sadness
i feel threatened,fear
i'm beaming,joy
enraged,anger
paranoid,fear
emotionally flat,bored
nothing special,neutral
i'm absolutely floored,surprise
love of my life,love
that was totally unexpected,surprise
alarmed,fear
glorious,joy
there's no point to any of this,sadness
adore,love
absolutely disgusted,anger
restless,fear
worried,fear
destroyed,sadness
i'm tired of existing,sadness
i wish i could just stop existing,sadness
i feel dead but not sad,bored
pure happiness,joy
shattered,sadness
wonderful,joy
no strong feelings,neutral
incredulous,surprise
deep pain,sadness
regular,neutral
gloomy,sadness
rattled,fear
i'm really nervous,fear
i feel really tense,fear
passable,neutral
i've thought about ending it all,sadness
worthless,sadness
my heart belongs to you,love
